p1,p2,truth,prediction
A4GSN8,Q94F30,1,0.962685763835907
F4JL11,Q9C829,1,0.9987245202064514
O04292,Q9LEZ3,1,0.9998804330825806
O04294,Q9SSQ8,1,0.9994787573814392
O04294,O80837,1,0.9977818131446838
O04294,Q2VWA2,1,0.9992702603340149
O04294,Q8RWF8,1,0.9999788999557495
O04294,Q42384,1,0.9980276226997375
O04294,Q42384,1,0.9980276226997375
O04294,Q9SMP3,1,0.9999978542327881
O04294,Q8VZL7,1,0.9999675750732422
O04294,Q8GX29,1,0.9988579750061035
O04294,O49629,1,0.0007091708248481154
O04294,Q9FIK0,1,0.02215518243610859
O04294,O65154,1,0.9995297193527222
O04294,F4JRR1,1,0.9509661197662354
O04294,O22179,1,0.9998949766159058
O04294,Q9ASW4,1,0.961342990398407
O04294,O22703,1,0.9999995231628418
O04294,O82230,1,0.4991331994533539
O04294,Q9SR38,1,0.9998332262039185
O04294,Q93WC7,1,0.9980667233467102
O04294,Q84K72,1,0.9999967813491821
O04294,Q8VZJ1,1,0.9998695850372314
O04326,Q9CAN1,1,0.9715609550476074
O04326,Q5XF13,1,0.14438754320144653
O04326,Q6NLF5,1,0.8240589499473572
O04326,Q9LXV1,1,0.6022656559944153
O04326,O82174,1,0.2439836710691452
O04326,Q8GWT5,1,0.028087068349123
O04326,O22690,1,0.014419512823224068
O04326,Q8GWM8,1,0.8682770729064941
O04326,Q93VN2,1,0.4807960093021393
O04326,Q8LF05,1,0.5369758009910583
O04326,Q42342,1,0.868402898311615
O04326,Q9ZV66,1,0.5023316144943237
O04326,Q9FZ98,1,0.004918896127492189
O04326,P53799,1,0.21676355600357056
O04326,Q9LJU6,1,0.875831663608551
O04326,Q93XX0,1,0.9836004376411438
O04326,Q9FI47,1,0.523060142993927
O04326,Q9M1J1,1,0.8580478429794312
O04326,Q9SHG7,1,0.6683876514434814
O04326,Q9LSW5,1,0.23347406089305878
O04326,Q8GYN0,1,0.8921030163764954
O04326,Q8L586,1,0.031175196170806885
O04326,Q8RXL7,1,0.38906770944595337
O04326,O82219,1,0.9996458292007446
O04326,O80895,1,0.4838119447231293
O04326,Q9M9S6,1,0.4218275547027588
O04326,Q9XI60,1,0.6612651944160461
O04326,P47192,1,0.32363149523735046
O04326,P42813,1,0.3390022814273834
O22467,Q6A333,1,0.9987708926200867
O22873,Q9LZW4,1,0.0005556147079914808
O22873,Q9LZW4,1,0.0005556147079914808
O22873,Q9LZW4,1,0.0005556147079914808
O23160,O04294,1,0.9995651841163635
O23160,O04294,1,0.9995651841163635
O23160,O04294,1,0.9995651841163635
O48741,Q8VZ95,1,0.035481613129377365
O48741,O04326,1,0.9394828677177429
O48847,O64740,1,0.11607522517442703
O49378,Q8VZ95,1,0.008134267292916775
O49653,Q949W6,1,0.49904608726501465
O64740,Q8LAZ7,1,0.10689616203308105
O64852,Q9LVR8,1,0.9999744892120361
O64852,Q8GYH9,1,0.9643117785453796
O65397,O04326,1,0.8011826872825623
O65555,O04294,1,0.9892215728759766
O80594,Q8GXA4,1,0.9731695055961609
O80594,O04326,1,0.625909686088562
O80837,O04294,1,0.9977753758430481
O80837,O04294,1,0.9977753758430481
O80837,O04294,1,0.9977753758430481
O80895,Q8GXA4,1,0.9841835498809814
O81042,F4JN35,1,0.993134617805481
O81042,Q8VZW1,1,0.597581684589386
O81062,Q8VZ95,1,0.012696932069957256
O81062,O04326,1,0.47421473264694214
O82567,Q8VZ95,1,0.0013310778886079788
O82568,Q8VZ95,1,0.01574653759598732
P26587,O04326,1,0.6722639799118042
P27202,O04326,1,0.7271930575370789
P29382,O04294,1,0.999970555305481
P30302,O04326,1,0.6508584022521973
P42813,Q8VZ95,1,0.15977142751216888
P47192,Q8VZ95,1,0.20018966495990753
P57752,Q9LVR8,1,0.9998989105224609
P59229,Q8GXA4,1,0.6689196228981018
P82874,O04326,1,0.27009713649749756
P92941,O04326,1,0.8153581619262695
P93004,Q8VZ95,1,0.07944082468748093
P93004,Q8VZ95,1,0.07944082468748093
P93830,O04294,1,0.3883659541606903
P93830,O04294,1,0.3883659541606903
P93830,O04294,1,0.38856613636016846
P94077,Q8RY25,1,0.06705500930547714
Q01525,O22224,1,0.9999741315841675
Q0WQ91,Q8L7E5,1,0.9998866319656372
Q147J7,O04326,1,0.9674245715141296
Q17TI5,Q9S9K9,1,0.9999986886978149
Q17TI5,Q9LEZ3,1,0.9999005794525146
Q17TI5,Q9LEZ3,1,0.9999005794525146
Q17TI5,Q9LEZ3,1,0.9999005794525146
Q17TI5,Q9S9K9,1,0.9999986886978149
Q17TI5,Q9LEZ3,1,0.9999005794525146
Q17TI5,Q9S9K9,1,0.9999986886978149
Q17TI5,Q9LEZ3,1,0.9999005794525146
Q38822,O04294,1,0.9988930821418762
Q38822,O04294,1,0.9988930821418762
Q38822,O04294,1,0.9988930821418762
Q38845,Q9LEZ3,1,0.4135774075984955
Q38845,Q9LEZ3,1,0.4135774075984955
Q38845,Q9LEZ3,1,0.4135774075984955
Q38854,Q9SGD1,1,0.9988892674446106
Q38935,O04326,1,0.9625546336174011
Q39101,O04294,1,0.9993851184844971
Q39101,O04294,1,0.9993851184844971
Q39101,O04294,1,0.9993851184844971
Q41975,Q8VZ95,1,0.06958498805761337
Q41975,O04326,1,0.7465264797210693
Q42328,Q8VZ95,1,0.3497539162635803
Q42328,O04326,1,0.9129593372344971
Q42342,Q8VZ95,1,0.046738382428884506
Q42342,Q8GXA4,1,0.9998859167098999
Q42384,O04294,1,0.998035728931427
Q42403,Q9LVR8,1,0.9998418092727661
Q56ZZ7,Q8VZ95,1,0.007701999507844448
Q5XF13,Q8VZ95,1,0.32045793533325195
Q5XF36,Q8VZ95,1,0.005561698228120804
Q5XF36,O04326,1,0.8169124722480774
Q5YDB6,Q9S9K9,1,0.9999938011169434
Q6A333,Q9SRH9,1,0.8540911078453064
Q6A333,Q84TK1,1,0.9997346997261047
Q6A333,Q9SRH9,1,0.8540911078453064
Q6IDC5,O04326,1,0.32865986227989197
Q6NLF5,Q8GXA4,1,0.9995571970939636
Q6NQ51,Q9LVR8,1,0.9999231100082397
Q7X887,Q9S9K9,1,0.9999992847442627
Q7X887,Q9S9K9,1,0.9999992847442627
Q7XA86,O04326,1,0.9366544485092163
Q84JB8,Q9LVR8,1,0.9999535083770752
Q84JB8,Q9LVR8,1,0.9999535083770752
Q84JJ0,O04294,1,0.9957959651947021
Q84MB2,Q8GUL2,1,0.9999016523361206
Q84MB2,Q8GUL2,1,0.9999016523361206
Q84MB2,Q8GUL2,1,0.9999016523361206
Q84MB2,O04294,1,0.9943165183067322
Q84MC9,Q8VZ95,1,0.06058106571435928
Q84MC9,Q8GXA4,1,0.0008728452958166599
Q84N34,Q8GYH9,1,0.9992374181747437
Q84N34,Q9LVR8,1,0.9999992847442627
Q84W04,Q8VZ95,1,0.25967973470687866
Q84WI4,O04326,1,0.9743005633354187
Q8GUK3,Q8VZ95,1,0.09807873517274857
Q8GW17,Q9LEZ3,1,0.9970603585243225
Q8GW17,Q9LEZ3,1,0.9970603585243225
Q8GW17,Q9LEZ3,1,0.9970603585243225
Q8GW44,Q9FH18,1,0.9994193315505981
Q8GWH4,Q8GXA4,1,0.9952712655067444
Q8GWH4,O04326,1,0.6823195219039917
Q8GWK2,Q8GWR1,1,0.9984368681907654
Q8GWK2,Q8GWR1,1,0.9984368681907654
Q8GWK2,Q8GWR1,1,0.9984368681907654
Q8GX70,Q8VZ95,1,0.0996275544166565
Q8GX70,Q8GXA4,1,0.99993896484375
Q8GX78,O04326,1,0.8136010766029358
Q8GXA4,O82245,1,0.8490433096885681
Q8GXA4,Q94CK3,1,0.9997773766517639
Q8GXA4,Q9SCL4,1,9.696484994492494e-06
Q8GXA4,Q9FZ54,1,0.9183274507522583
Q8GXA4,Q9LDU6,1,0.0058556366711854935
Q8GXA4,Q9ZVX8,1,0.7437029480934143
Q8GXA4,Q9M651,1,0.9999459981918335
Q8GXA4,P47192,1,0.46439996361732483
Q8GXA4,Q8GW44,1,0.9999792575836182
Q8GXA4,Q8GW44,1,0.9999792575836182
Q8GXA4,Q5XF13,1,0.002332687610760331
Q8GXA4,Q41975,1,0.997003972530365
Q8GXA4,P82874,1,0.6429997086524963
Q8GXA4,O81062,1,0.9892615079879761
Q8GXA4,Q9LE82,1,0.9994865655899048
Q8GXA4,Q9FK55,1,0.5895252227783203
Q8GXA4,Q8RY98,1,0.9999173879623413
Q8GXA4,Q8GXA4,1,0.9999817609786987
Q8GXA4,Q93ZQ3,1,0.9998393058776855
Q8GXA4,Q94A32,1,0.9869334697723389
Q8GXA4,Q9C500,1,0.9594777226448059
Q8GXA4,Q5XEV3,1,0.9885448813438416
Q8GXA4,Q9FH18,1,0.9994820952415466
Q8GXA4,Q84MC7,1,0.9999878406524658
Q8GXA4,Q9FH92,1,0.9999637603759766
Q8GXA4,Q9FVX3,1,0.048236239701509476
Q8GXA4,Q9FKK1,1,0.9991357922554016
Q8GXA4,Q9FL61,1,0.9991136193275452
Q8GXA4,Q9ZQ38,1,0.9999828338623047
Q8GXA4,Q9LJD9,1,0.9991673231124878
Q8GXA4,Q9LE82,1,0.9994865655899048
Q8GXA4,Q6NQG3,1,0.9969584941864014
Q8GXA4,Q9SY29,1,6.015964027028531e-05
Q8GXA4,Q84MC7,1,0.9999878406524658
Q8GXA4,Q84MC7,1,0.9999878406524658
Q8GY51,O04294,1,0.9999300241470337
Q8GYN0,Q8GXA4,1,0.9998565912246704
Q8GYS8,Q8GXA4,1,0.5053502917289734
Q8GYX3,O04294,1,0.9997616410255432
Q8H1S2,O04294,1,0.9579325914382935
Q8L586,Q8VZ95,1,0.11038260161876678
Q8L603,Q8GXA4,1,0.999901533126831
Q8L748,P10797,1,0.7171899080276489
Q8L7E5,Q8GXA4,1,0.9993723034858704
Q8L7E5,Q9LE82,1,0.9933043122291565
Q8L7E5,Q9LE82,1,0.9933043122291565
Q8L7E5,Q9LE82,1,0.9933043122291565
Q8L7E5,Q9LE82,1,0.9933043122291565
Q8L7E5,Q8L7E5,1,0.9900949001312256
Q8L7E5,Q8GXA4,1,0.9993723034858704
Q8L7E5,Q8GXA4,1,0.9993723034858704
Q8L7E5,Q8GXA4,1,0.9993723034858704
Q8L7F7,Q9FFV8,1,0.00015511203673668206
Q8L7F7,Q9SB65,1,0.0010145290289074183
Q8L7G9,O04294,1,0.9994475245475769
Q8L8N3,O04294,1,0.9999464750289917
Q8LB17,Q8VZ95,1,0.37180009484291077
Q8LB17,O04326,1,0.22287091612815857
Q8LBH4,Q949W6,1,0.3471670150756836
Q8LEQ4,Q8VZ95,1,0.06009424477815628
Q8LG50,Q9LVR8,1,0.08719556778669357
Q8LPR2,O04294,1,0.9990320205688477
Q8LPR5,Q9S9K9,1,0.9999945163726807
Q8RXL7,Q8GXA4,1,0.02270936220884323
Q8RXL7,Q8VZ95,1,0.6183866858482361
Q8RY62,O04326,1,0.6500085592269897
Q8RY98,Q9LVR8,1,0.9999520778656006
Q8RYE2,Q8GYH9,1,0.3059917986392975
Q8RYE2,Q9LVR8,1,0.8506317734718323
Q8S8K0,Q8GXA4,1,0.9999061822891235
Q8VYS5,Q9LVR8,1,0.9997777342796326
Q8VYV9,Q8GXA4,1,0.9993693232536316
Q8VZ48,Q8GXA4,1,0.9589901566505432
Q8VZ95,Q8GXA4,1,0.01149835716933012
Q8VZ95,Q6IDC5,1,0.06788589060306549
Q8VZ95,Q8L9M7,1,0.27734023332595825
Q8VZ95,Q84W04,1,0.2597495913505554
Q8VZ95,O82245,1,0.004609865602105856
Q8VZ95,Q8L615,1,0.003562001045793295
Q8VZ95,Q9M1J1,1,0.10859113931655884
Q8VZ95,Q9LXV1,1,0.031411536037921906
Q8VZ95,Q9LXV1,1,0.031411536037921906
Q8VZ95,Q8GWT5,1,0.2633906900882721
Q8VZ95,Q9LVD9,1,0.010673985816538334
Q8VZ95,Q9FI47,1,0.04408417269587517
Q8VZ95,Q9ZV66,1,0.027749883010983467
Q8VZ95,Q9CAN1,1,0.01956983096897602
Q8VZ95,Q9LJU6,1,0.08222991228103638
Q8VZ95,F4KFS7,1,0.01921006478369236
Q8VZ95,Q94CH8,1,0.1598636656999588
Q8VZ95,Q9FH80,1,0.10343202948570251
Q8VZ95,Q9FVX3,1,0.3497946560382843
Q8VZ95,Q94F58,1,0.015212328173220158
Q8VZ95,Q8VZ95,1,0.3723183572292328
Q8VZ95,O22690,1,0.0067534251138567924
Q8VZ95,Q9SX83,1,0.022725943475961685
Q8VZ95,Q9LK55,1,0.11354529112577438
Q8VZ95,Q9LXV1,1,0.0314510315656662
Q8VZ95,Q9LSF6,1,0.8790416121482849
Q8VZ95,Q9SIQ8,1,0.08038397133350372
Q8VZ95,Q8H157,1,0.06157868728041649
Q8VZ95,O64587,1,0.024605028331279755
Q8VZ95,Q8L7U7,1,0.9823914170265198
Q8VZ95,P30302,1,0.06182133033871651
Q8VZ95,Q940Y1,1,0.038428012281656265
Q8VZ95,Q9M325,1,0.04695502668619156
Q8VZ95,Q9SHG7,1,0.01774173229932785
Q8VZ95,Q9ZUA5,1,0.025168919935822487
Q8VZ95,Q94B75,1,0.0595017708837986
Q8VZ95,Q9SHG7,1,0.01774173229932785
Q8VZ95,Q9M9U3,1,0.29245710372924805
Q8VZ95,Q9SVG0,1,0.011600717902183533
Q8VZ95,Q9LYP1,1,0.013748100027441978
Q8VZ95,Q9SHG7,1,0.01774173229932785
Q8VZ95,Q9SS37,1,0.09045559167861938
Q8VZ95,Q8L616,1,0.00876486673951149
Q8VZ95,P93004,1,0.07942251116037369
Q8VZ95,Q9LNH6,1,0.025296911597251892
Q8VZ95,P59229,1,0.032615162432193756
Q8VZJ5,Q8VZ95,1,0.17799651622772217
Q8VZU2,Q8VZ95,1,0.0032301610335707664
Q8VZU9,Q9LVR8,1,0.05283878743648529
Q8VZW1,Q8VZ95,1,0.13116466999053955
Q8VZW1,Q9ASQ2,1,0.6102098822593689
Q8W4D8,Q8GYF7,1,0.9977203011512756
Q93V43,Q9SGD1,1,0.9873731732368469
Q93V66,Q8GXA4,1,0.9999939203262329
Q93V85,Q8GXA4,1,0.006216140929609537
Q93WC7,O04294,1,0.998062789440155
Q93Z42,O04326,1,0.6061879992485046
Q93ZQ3,Q8VZ95,1,0.014899992384016514
Q93ZQ3,O04326,1,0.8226227760314941
Q93ZW4,O04326,1,0.8236641883850098
Q944H2,Q9LVR8,1,0.02317604422569275
Q945Q4,Q8VZ95,1,0.27964961528778076
Q946Y7,Q8GXA4,1,0.9999992847442627
Q946Y7,O04326,1,0.98526531457901
Q949W5,Q8VZ95,1,0.19683018326759338
Q949W6,Q9LPU9,1,0.07345891743898392
Q949W6,Q9LZM7,1,0.1427246332168579
Q94A99,O04326,1,0.10465067625045776
Q94A99,Q8VZ95,1,0.38348448276519775
Q94A99,Q8GXA4,1,0.0007010815315879881
Q94AP3,Q8GXA4,1,0.6564534902572632
Q94AP3,Q8VZ95,1,0.09944377094507217
Q94AV5,Q8GXA4,1,0.6024176478385925
Q94AY3,O22873,1,0.711397647857666
Q94BX2,Q8VZ95,1,0.9469718337059021
Q94CG2,Q8GYH9,1,0.9984954595565796
Q94CG2,Q9LVR8,1,0.9999951124191284
Q94CH8,O04326,1,0.10102242976427078
Q94EI9,Q8VZ95,1,0.07998321950435638
Q94F23,Q9LVR8,1,0.0016737842233851552
Q94F58,Q9ASQ2,1,0.9998095631599426
Q94F58,O81042,1,0.9903656244277954
Q94JU2,O04326,1,0.020439062267541885
Q94JU2,Q8VZ95,1,0.16199588775634766
Q9ASQ2,F4JN35,1,0.9999113082885742
Q9ASQ2,Q94BX2,1,0.9999880790710449
Q9ASQ2,Q9M126,1,0.9999382495880127
Q9ASQ2,Q9M126,1,0.9999382495880127
Q9ASQ2,F4JN35,1,0.9999113082885742
Q9AST5,Q8GYH9,1,0.17597757279872894
Q9AST5,Q9LVR8,1,0.3571103811264038
Q9C500,A8MQR0,1,0.9896399974822998
Q9C500,Q8L7E5,1,0.8326506614685059
Q9C521,Q8VZ95,1,0.02169545367360115
Q9C7D7,Q8GYH9,1,0.08831512928009033
Q9C7D7,Q9LVR8,1,0.2441384494304657
Q9C835,Q9LVR8,1,0.9998229146003723
Q9C835,Q8GYH9,1,0.9646267294883728
Q9C900,Q9SV74,1,0.00026308029191568494
Q9C900,O82390,1,0.9956957101821899
Q9C900,Q6NKQ9,1,0.9957352876663208
Q9C900,Q9C7S5,1,0.9997105002403259
Q9C900,F4KIB2,1,0.7083184719085693
Q9C900,Q9SY89,1,0.0036642991472035646
Q9C900,Q9FE70,1,0.7494580149650574
Q9C900,Q9ZW05,1,0.012470359914004803
Q9C900,Q7XA70,1,0.8421460390090942
Q9C900,Q9M8T0,1,0.9710724949836731
Q9C900,Q9FZB1,1,0.03840542212128639
Q9C900,Q8RXK1,1,0.9679287672042847
Q9C900,Q9LRT1,1,0.9995611310005188
Q9C900,Q67ZM7,1,0.0028642998076975346
Q9C900,Q9SNA0,1,0.5512372255325317
Q9C933,Q8VZ95,1,0.9097791910171509
Q9C933,O04326,1,0.9931991696357727
Q9C9L2,O64740,1,0.98897385597229
Q9C9L2,Q9S9K9,1,0.9999676942825317
Q9C9L2,Q9S9K9,1,0.9999676942825317
Q9CA42,Q9SB04,1,0.9961907863616943
Q9CA42,Q9ZWS7,1,0.9997580647468567
Q9CAA4,Q9LEZ3,1,0.9670605063438416
Q9CAA4,Q9LEZ3,1,0.9670605063438416
Q9CAA4,Q9LEZ3,1,0.9670605063438416
Q9CAA4,Q9LEZ3,1,0.9670605063438416
Q9CAA4,Q9LEZ3,1,0.9670605063438416
Q9CAA4,Q9LEZ3,1,0.9670605063438416
Q9CAA4,Q9LEZ3,1,0.9670605063438416
Q9CAK8,O04294,1,0.9926567673683167
Q9FF75,Q8RWU6,1,0.9998592138290405
Q9FF75,Q9FG89,1,0.999570906162262
Q9FFK1,Q8VZ95,1,0.13225612044334412
Q9FFS0,O81042,1,0.976554811000824
Q9FFS8,Q949W6,1,0.24292409420013428
Q9FG01,Q9XFM6,1,0.999933123588562
Q9FGF5,O04294,1,0.9999387264251709
Q9FH18,Q8GXA4,1,0.9994813799858093
Q9FH18,Q9FF75,1,0.9999783039093018
Q9FH18,Q9FF75,1,0.9999783039093018
Q9FH18,Q9FH18,1,0.9932454228401184
Q9FH18,Q9C500,1,0.8488975763320923
Q9FH18,Q9LE82,1,0.9946107864379883
Q9FH18,Q8L7E5,1,0.9903097748756409
Q9FH18,Q9FH18,1,0.9932454228401184
Q9FH18,Q8GXA4,1,0.9994813799858093
Q9FHB8,Q8GYH9,1,0.9762913584709167
Q9FK55,Q8VZ95,1,0.10399094969034195
Q9FLL0,Q9SGD1,1,0.9996894598007202
Q9FLL0,Q9SGD1,1,0.9996894598007202
Q9FMB6,Q9LEZ3,1,0.0557977631688118
Q9FMB6,Q9LEZ3,1,0.0557977631688118
Q9FMB6,Q9LEZ3,1,0.0557977631688118
Q9FMH6,Q8GXA4,1,0.9815706610679626
Q9FMH6,Q9FH18,1,0.9284297823905945
Q9FNH6,Q8GYH9,1,0.2430790662765503
Q9FNH6,Q9LVR8,1,0.6856415867805481
Q9FNN2,O04294,1,0.9997195601463318
Q9FWS3,Q9XFM0,1,0.9982099533081055
Q9FWS3,Q9XFM0,1,0.9982099533081055
Q9FWS3,Q9XFM0,1,0.9982099533081055
Q9FYK5,Q9LEZ3,1,0.9996358156204224
Q9FYK5,Q9LEZ3,1,0.9996358156204224
Q9FZ98,Q8GXA4,1,2.915319419116713e-05
Q9FZ98,Q8VZ95,1,0.059032537043094635
Q9FZK5,Q9ASQ2,1,0.9996985197067261
Q9FZK5,O81042,1,0.9953536987304688
Q9LE82,Q8L7E5,1,0.993305504322052
Q9LE82,Q8GXA4,1,0.9994860887527466
Q9LE82,Q9FH18,1,0.9946107864379883
Q9LE82,Q8GXA4,1,0.9994860887527466
Q9LE82,Q8GXA4,1,0.9994860887527466
Q9LEZ3,Q9LEZ3,1,0.9928932785987854
Q9LEZ3,Q9LDT3,1,0.5653059482574463
Q9LEZ3,Q9LS86,1,0.003858639160171151
Q9LEZ3,Q8GYY1,1,0.9592605829238892
Q9LEZ3,F4IMQ0,1,0.9999475479125977
Q9LEZ3,Q9LDT3,1,0.5653059482574463
Q9LEZ3,O04292,1,0.999880313873291
Q9LEZ3,O04292,1,0.999880313873291
Q9LEZ3,Q9C5Z3,1,0.9897149205207825
Q9LEZ3,O04292,1,0.999880313873291
Q9LEZ3,P32068,1,0.7539988160133362
Q9LEZ3,P32068,1,0.7539988160133362
Q9LEZ3,O04292,1,0.999880313873291
Q9LEZ3,Q9SAD4,1,0.827781617641449
Q9LEZ3,Q9LS86,1,0.003858639160171151
Q9LEZ3,Q9LEZ3,1,0.9928932785987854
Q9LEZ3,Q9C8D1,1,0.9912404417991638
Q9LEZ3,Q9FK45,1,0.9949995279312134
Q9LEZ3,O81788,1,0.9994388222694397
Q9LEZ3,Q9FK45,1,0.9949995279312134
Q9LEZ3,Q56XU4,1,0.9975905418395996
Q9LEZ3,Q8L925,1,0.9848233461380005
Q9LEZ3,Q8L925,1,0.9848233461380005
Q9LEZ3,Q8L925,1,0.9848233461380005
Q9LEZ3,Q9LS86,1,0.003858639160171151
Q9LEZ3,Q9LEZ3,1,0.9928932785987854
Q9LEZ3,P32068,1,0.7539988160133362
Q9LEZ3,Q9C8D1,1,0.9912404417991638
Q9LEZ3,Q9C8D1,1,0.9912404417991638
Q9LEZ3,Q9CAA4,1,0.9670605063438416
Q9LEZ3,Q9C5Z3,1,0.9897149205207825
Q9LEZ3,Q9C5Z3,1,0.9897149205207825
Q9LEZ3,Q9FK45,1,0.9949995279312134
Q9LEZ3,F4IMQ0,1,0.9999475479125977
Q9LEZ3,F4IMQ0,1,0.9999475479125977
Q9LEZ3,Q9XFB1,1,0.0027469845954328775
Q9LEZ3,Q9LMT2,1,0.9915237426757812
Q9LEZ3,Q93ZB9,1,0.9966593980789185
Q9LEZ3,Q9FMB6,1,0.0557977631688118
Q9LEZ3,Q8RYC8,1,0.9928112626075745
Q9LEZ3,Q9FMB6,1,0.0557977631688118
Q9LEZ3,Q9FMB6,1,0.0557977631688118
Q9LEZ3,Q93ZB9,1,0.9966593980789185
Q9LEZ3,Q9LN63,1,0.9996380805969238
Q9LEZ3,Q9LN63,1,0.9996380805969238
Q9LEZ3,Q9CAA4,1,0.9670605063438416
Q9LEZ3,Q93ZB9,1,0.9966593980789185
Q9LEZ3,Q9LMT2,1,0.9915237426757812
Q9LEZ3,Q9CAA4,1,0.9670605063438416
Q9LEZ3,Q9LMT2,1,0.9915237426757812
Q9LEZ3,Q9CAA4,1,0.9670605063438416
Q9LEZ3,Q9XFB1,1,0.0027469845954328775
Q9LEZ3,Q9CAA4,1,0.9670605063438416
Q9LEZ3,Q9SAD4,1,0.827781617641449
Q9LEZ3,Q9CAA4,1,0.9670605063438416
Q9LEZ3,Q9XFB1,1,0.0027469845954328775
Q9LEZ3,Q9CAA4,1,0.9670605063438416
Q9LK55,Q8GYH9,1,0.9686819314956665
Q9LMN8,Q9LVR8,1,0.9905509948730469
Q9LNM6,Q8GYH9,1,0.9800642132759094
Q9LNM6,Q9LVR8,1,0.9998716115951538
Q9LNW0,O04294,1,0.9894198179244995
Q9LP52,Q8VZ95,1,0.04367174580693245
Q9LPF1,Q8GXA4,1,0.011562126688659191
Q9LPN5,Q9LVR8,1,0.9999865293502808
Q9LQ32,O04326,1,0.7962444424629211
Q9LQ32,Q8GXA4,1,0.9989770650863647
Q9LSE2,Q84JU6,1,0.9960108995437622
Q9LSE2,Q84JU6,1,0.9960108995437622
Q9LSE2,Q84JU6,1,0.9960108995437622
Q9LSF6,Q8GXA4,1,0.9999955892562866
Q9LSP7,Q8GYH9,1,0.004909150302410126
Q9LSP7,Q9LVR8,1,0.008137484081089497
Q9LST3,Q9LEZ3,1,0.9882851839065552
Q9LSW5,Q8VZ95,1,0.04699183255434036
Q9LT89,O64740,1,0.023824358358979225
Q9LU74,O04294,1,0.969484269618988
Q9LU93,Q9LW88,1,0.9991675615310669
Q9LUK6,O04294,1,5.796609912067652e-05
Q9LUV4,O04294,1,0.9842321872711182
Q9LVD9,O04326,1,0.8059623837471008
Q9LVQ7,Q9LEZ3,1,0.9990807771682739
Q9LVQ7,Q9LEZ3,1,0.9990807771682739
Q9LVZ7,Q8GXA4,1,0.9987722039222717
Q9LVZ7,Q8VZ95,1,0.039202265441417694
Q9LXJ0,Q8GWR1,1,0.9975711703300476
Q9LXU1,Q9LEZ3,1,0.9996465444564819
Q9LXU1,Q9LEZ3,1,0.9996465444564819
Q9LYD3,Q9LEZ3,1,0.9997715353965759
Q9LYP1,O04326,1,0.20240212976932526
Q9M0B0,Q9LVR8,1,0.6045201420783997
Q9M0V3,Q38942,1,0.7920461297035217
Q9M1D0,Q8VZ95,1,0.010127820074558258
Q9M1J7,O04326,1,0.14202167093753815
Q9M1K3,Q9ZWT2,1,0.7228630781173706
Q9M2J9,Q8GXA4,1,0.9999861717224121
Q9M2J9,Q8VZ95,1,0.12075627595186234
Q9M2J9,O04326,1,0.96428382396698
Q9M651,Q9FH18,1,0.999168872833252
Q9M651,Q8L7E5,1,0.9988757967948914
Q9M9S6,Q8GXA4,1,0.6536041498184204
Q9M9S6,Q8VZ95,1,0.18823440372943878
Q9MAA7,O04294,1,0.9997497200965881
Q9MAA7,O04294,1,0.9997497200965881
Q9MAA7,O04294,1,0.9997497200965881
Q9S9K9,Q5YDB6,1,0.9999938011169434
Q9S9K9,Q9ZWS7,1,0.9999991655349731
Q9S9K9,Q94AI7,1,0.9999998807907104
Q9SA00,Q9LVR8,1,0.9999420642852783
Q9SA23,Q8GXA4,1,0.9999703168869019
Q9SA23,O04326,1,0.8582381010055542
Q9SA48,O04294,1,0.9999228715896606
Q9SAD4,Q9LEZ3,1,0.827781617641449
Q9SAD4,Q9LEZ3,1,0.827781617641449
Q9SCZ8,Q8GXA4,1,0.9992770552635193
Q9SD04,O04326,1,0.0024238992482423782
Q9SEL6,Q8GXA4,1,0.9981464147567749
Q9SEU8,Q9S9K9,1,0.9999649524688721
Q9SG79,Q9FF75,1,0.9999958276748657
Q9SGI5,Q8VZ95,1,0.994207501411438
Q9SHG7,Q8GXA4,1,0.998946487903595
Q9SHI7,Q9LVR8,1,0.9991687536239624
Q9SHI7,Q8GYH9,1,0.9763404726982117
Q9SIC8,O04294,1,0.9855136275291443
Q9SIC8,O04294,1,0.9855136275291443
Q9SIH4,Q8GXA4,1,0.8007071018218994
Q9SIH4,O04326,1,0.3210958242416382
Q9SIQ8,O04326,1,0.5431591272354126
Q9SJH7,Q8GWR1,1,0.7697754502296448
Q9SK33,O04294,1,0.9992743134498596
Q9SRE4,Q8VZ95,1,0.06039871275424957
Q9SRE4,Q8GXA4,1,0.9187753200531006
Q9SRE4,O04326,1,0.4069465100765228
Q9SRT3,O04326,1,0.9584127068519592
Q9STW3,Q8VZ95,1,0.016520336270332336
Q9STW3,O04326,1,0.02199815958738327
Q9STW3,Q8GXA4,1,0.005381735973060131
Q9SU67,Q8GYH9,1,0.8198185563087463
Q9SU67,Q8GYH9,1,0.8198185563087463
Q9SVG8,Q9LVR8,1,0.9998435974121094
Q9SX65,O04294,1,0.959122896194458
Q9SX96,Q8GYH9,1,0.9290598630905151
Q9SX96,Q9LVR8,1,0.9930667877197266
Q9SZB2,Q949W6,1,0.040626898407936096
Q9SZG0,Q8GYH9,1,0.982364296913147
Q9SZG0,Q9LVR8,1,0.9996077418327332
Q9SZT7,Q9LVR8,1,0.998902440071106
Q9SZZ4,O04294,1,0.999249279499054
Q9XFM6,Q9LDM5,1,0.9860742092132568
Q9XFM6,Q5PP32,1,0.01422230526804924
Q9XFM6,Q8GUN1,1,0.9981778860092163
Q9XFM6,P46032,1,0.0004311275260988623
Q9XFM6,Q94KB4,1,0.8847949504852295
Q9XFM6,Q9FZ96,1,0.00044071883894503117
Q9XFM6,P48421,1,0.9991401433944702
Q9XFM6,Q8LAI1,1,0.9864248037338257
Q9XFM6,Q9LRB5,1,0.9626469016075134
Q9XFM6,Q9M363,1,0.9985278844833374
Q9XFM6,Q9SYK5,1,0.9995296001434326
Q9XFM6,Q9SY38,1,0.9325265884399414
Q9XFM6,Q949M9,1,0.9683145880699158
Q9XFM6,Q9ZUT3,1,0.9756194353103638
Q9XFM6,Q8L4X4,1,0.9841974377632141
Q9XFM6,Q94AU5,1,0.9995664954185486
Q9XFM6,Q8RXK1,1,0.9971369504928589
Q9XFM6,O64823,1,9.096411667997018e-05
Q9XFM6,O23413,1,0.9684698581695557
Q9XFM6,Q42371,1,0.0020224698819220066
Q9XFM6,Q8GSI6,1,0.9834774136543274
Q9XFM6,Q3YL57,1,0.3718074560165405
Q9XFM6,Q9ZR79,1,0.9925629496574402
Q9XFM6,C0LGW6,1,0.9666010737419128
Q9XFM6,Q944K2,1,0.9986248016357422
Q9XFM6,Q9S7I6,1,0.9997472167015076
Q9XFM6,Q9S7M9,1,0.9993921518325806
Q9XFM6,Q941L0,1,0.9994795918464661
Q9XFM6,P38389,1,0.9811086058616638
Q9XFM6,Q9LFB8,1,0.9980258941650391
Q9XFM6,Q9C9Z6,1,0.003347677644342184
Q9XFM6,Q9LPD5,1,0.16429196298122406
Q9XFM6,Q9M390,1,0.9988208413124084
Q9XFM6,Q8GXM8,1,0.9931302666664124
Q9XFM6,O22777,1,0.9993184804916382
Q9XFM6,Q9ZUH3,1,9.12767427507788e-05
Q9XFM6,Q9C8M9,1,0.9984708428382874
Q9XFM6,Q3EDB5,1,0.9852405786514282
Q9XFM6,O82587,1,0.17134615778923035
Q9XFM6,Q8GXK5,1,0.9988306164741516
Q9XFM6,Q8VYA7,1,0.00018895091488957405
Q9XFM6,Q84WP5,1,0.9977580904960632
Q9XFM6,O65389,1,0.9919987320899963
Q9XFM6,Q1PE15,1,0.013684778474271297
Q9XFM6,Q9MA83,1,0.9992688298225403
Q9XFM6,Q8VZ58,1,0.05536103621125221
Q9XFM6,Q9FG72,1,0.00028917493182234466
Q9XFM6,Q67YN2,1,0.9999488592147827
Q9XGN1,Q9LEZ3,1,0.9985665678977966
Q9XHZ7,Q8VZ95,1,0.15413503348827362
Q9XI60,Q8GXA4,1,0.9800240397453308
Q9XIN6,Q9LVR8,1,0.9998661279678345
Q9ZSD4,O04326,1,0.9961993098258972
Q9ZSR7,Q8VZ95,1,0.02053218148648739
Q9ZSR7,Q8GXA4,1,0.0008938099490478635
Q9ZUJ2,Q8GXA4,1,0.9964176416397095
Q9ZVX8,Q8VZ95,1,0.1516088992357254
Q9ZWS7,Q9CA42,1,0.9997580647468567
Q9ZWT2,Q9LD45,1,0.995177149772644
O82567,Q9M0B0,0,0.010919933207333088
Q6IDC5,P57752,0,0.9034178853034973
Q9ZWS7,Q9MA83,0,0.9999759197235107
Q9C835,Q8L616,0,0.9894338250160217
O82230,Q949M9,0,0.2226303070783615
Q8LF05,Q94AI7,0,0.9969275593757629
F4JN35,Q9LYP1,0,0.6784077286720276
A4GSN8,Q9SRT3,0,0.9997404217720032
O04292,O82245,0,0.9990044236183167
Q93ZW4,Q8GW17,0,0.9996713399887085
Q9LXU1,Q8LAZ7,0,0.99997878074646
Q9ASW4,Q9LVD9,0,0.9849672913551331
Q9FZK5,Q9ZUA5,0,0.9999761581420898
Q9SX96,Q9M9U3,0,0.6958290934562683
Q8GYH9,Q9LXJ0,0,0.990828275680542
Q42403,Q9LDM5,0,0.9762366414070129
Q84JU6,Q9XGN1,0,0.9999746084213257
Q9SB65,Q9LRT1,0,0.9999303817749023
O22873,Q9LMN8,0,0.15201732516288757
Q9LSW5,Q6IDC5,0,0.5036250948905945
O22179,Q94AU5,0,0.99998939037323
Q9FMB6,Q9M8T0,0,0.08210082352161407
F4JRR1,Q9C7S5,0,0.9998881816864014
Q9LD45,F4IMQ0,0,0.9995980858802795
Q8GYF7,Q8L7E5,0,0.01743081770837307
Q9FL61,Q8GX70,0,0.9986782670021057
Q9C900,Q9FNH6,0,0.1155439242720604
Q8L4X4,Q949W6,0,0.0578923374414444
Q9SNA0,Q9LNH6,0,0.9299250841140747
Q9LE82,Q42342,0,0.9984902143478394
Q94CK3,Q67YN2,0,0.999897837638855
Q42371,Q9ZVX8,0,0.4539974331855774
O04326,Q8GWR1,0,0.6388828158378601
Q9ASQ2,Q8RY62,0,0.9971932768821716
Q9XFM6,Q9S9K9,0,0.9999872446060181
Q9FMH6,Q8LAI1,0,0.8770766854286194
Q8RXK1,Q9SAD4,0,0.8818636536598206
F4KFS7,Q9SVG8,0,0.9911619424819946
Q9FLL0,O81062,0,0.9870088696479797
Q9LUV4,F4KFS7,0,0.9899834394454956
Q9ZWT2,Q5PP32,0,0.23077505826950073
O04294,Q945Q4,0,0.2903001606464386
Q949W5,Q8L603,0,0.001027632155455649
P38389,Q8LPR2,0,0.9950984120368958
O22703,Q9SA48,0,0.9999985694885254
Q9FZ98,Q93V85,0,0.010954285971820354
Q8RYC8,Q8W4D8,0,0.9991794228553772
Q949M9,Q9LEZ3,0,0.9358763694763184
Q8W4D8,O82568,0,0.9897564053535461
Q94A32,Q9M0V3,0,0.8479748964309692
O82219,Q6NQ51,0,0.9999899864196777
Q8RXL7,Q944K2,0,0.0788964033126831
Q9S9K9,Q940Y1,0,0.9999703168869019
Q94B75,O64740,0,9.979528840631247e-05
Q9FFK1,Q9C8M9,0,0.9993120431900024
Q9SK33,Q9LZW4,0,0.024404987692832947
Q9M325,Q8VZ48,0,0.6569119691848755
Q5XF36,Q9LST3,0,0.9989323019981384
O82587,Q8RYE2,0,0.5520451068878174
Q67ZM7,Q9LPD5,0,0.31715869903564453
P26587,Q9M1J1,0,0.9750655889511108
Q9LU93,Q8GYN0,0,0.9993021488189697
Q9SEL6,Q9FL61,0,0.9979405999183655
Q56ZZ7,Q94F30,0,0.9978060126304626
Q8L748,Q8L7F7,0,0.18398454785346985
Q8GWM8,Q8GXM8,0,0.9958584904670715
P93830,O64823,0,0.00294790999032557
Q5YDB6,Q9ZWT2,0,0.9813640713691711
Q9LYD3,Q9SG79,0,0.9999710321426392
Q93WC7,Q8GWH4,0,0.9866356253623962
Q9LSP7,Q9SZT7,0,0.013228764757514
Q9ZWT2,Q8L615,0,0.9992600083351135
Q8GUK3,Q9LUK6,0,0.11487641930580139
Q9LPF1,Q147J7,0,0.22168822586536407
O22777,Q9SRH9,0,0.9221438765525818
O64740,Q8GYS8,0,0.06427538394927979
Q9SVG8,Q8GUK3,0,0.019596794620156288
Q9LVR8,Q9LPN5,0,0.9999865293502808
Q9LS86,Q8VZ95,0,0.43754813075065613
Q6A333,Q3YL57,0,0.41130223870277405
Q9LJD9,Q94A32,0,0.9545115232467651
Q9SYK5,Q94AP3,0,0.8304081559181213
O23160,Q8VZW1,0,0.4569873511791229
Q9FWS3,Q8GYH9,0,0.9740965962409973
O82174,F4KIB2,0,0.1400793492794037
Q8VZ95,Q8GUL2,0,0.9328249096870422
Q8GXM8,P53799,0,0.010074637830257416
Q9LXV1,Q9LNM6,0,0.9910879731178284
Q945Q4,Q8LF05,0,0.7869790196418762
Q9LZM7,Q8RXK1,0,0.7088879942893982
Q94AI7,Q8RY25,0,0.49753859639167786
Q8LEQ4,Q8VZU9,0,0.04226388782262802
Q8L7U7,O82219,0,0.9999938011169434
Q9LJU6,Q944H2,0,0.027665434405207634
P93004,Q84TK1,0,0.42291662096977234
Q17TI5,Q8VYV9,0,0.9998866319656372
P10797,Q8H157,0,0.2930232286453247
O48741,Q9FKK1,0,0.998325765132904
Q9FG72,Q9LSE2,0,6.127046071924269e-05
Q8GYY1,Q8VZ58,0,0.05900886654853821
Q8RYE2,Q9C9L2,0,0.9710412621498108
Q9SZB2,Q8LAZ7,0,0.9930605888366699
Q9SB04,P42813,0,0.8706124424934387
P57752,Q9FE70,0,0.9666408896446228
Q9FVX3,Q8L8N3,0,0.6368355751037598
Q9SR38,Q9M9U3,0,0.15099771320819855
Q9C933,Q8GXM8,0,0.9999101161956787
Q9XGN1,Q42403,0,0.9986656904220581
Q9FK45,O48741,0,0.9996976852416992
Q8GX78,Q946Y7,0,0.999980092048645
Q8L7E5,Q9FK55,0,0.268950879573822
Q9SZZ4,Q9SAD4,0,0.9186842441558838
Q8GSI6,Q9SK33,0,0.9933333992958069
Q8GXA4,P93830,0,0.5584941506385803
Q8VZ48,Q9SCL4,0,0.24483972787857056
Q9SHG7,Q9LYD3,0,0.9997227787971497
Q147J7,Q94CG2,0,0.999991774559021
O64587,F4KFS7,0,0.9909529685974121
Q8VZJ1,Q9ZUJ2,0,0.9973648190498352
Q9FFS0,Q9M651,0,0.984089732170105
Q9SRH9,Q38845,0,0.7036604881286621
Q9C7D7,Q8GXK5,0,0.07632854580879211
Q9SIH4,O49378,0,0.8244538903236389
Q9CAN1,P27202,0,0.9999686479568481
O82568,Q9LSW5,0,0.029012300074100494
Q8RY98,Q147J7,0,0.9999244213104248
Q94AP3,A4GSN8,0,0.4248311519622803
Q9M2J9,Q9FG89,0,0.9983252882957458
Q8GXK5,Q9FKK1,0,0.9993243217468262
Q1PE15,Q38942,0,0.016395224258303642
Q9LUK6,Q8VZL7,0,0.7642817497253418
O22690,Q9LVD9,0,0.029815975576639175
Q9S7M9,Q5XF36,0,0.9998888969421387
P92941,Q93ZQ3,0,0.9987673759460449
Q8VYS5,Q9M1J7,0,0.7129229307174683
Q9LU74,Q8H157,0,0.004910951480269432
Q8VYV9,Q8RWF8,0,0.9999544620513916
Q9XHZ7,Q9SGI5,0,0.999485969543457
O65389,Q9STW3,0,0.0011751821730285883
Q9CAA4,O22179,0,0.9984579086303711
Q9SSQ8,Q9ZSR7,0,0.006175073329359293
Q8L925,Q9FLL0,0,0.9955596923828125
Q8GX70,Q9LVQ7,0,0.9999250173568726
Q94EI9,Q9LPF1,0,0.5095138549804688
Q9C9Z6,Q9C933,0,0.3681778907775879
Q9FH92,Q8GWR1,0,0.9991564750671387
Q9SCZ8,Q7XA86,0,0.9988351464271545
Q9SS37,Q9LDM5,0,0.8971112966537476
Q9SGD1,O22873,0,0.8955681920051575
P30302,Q9FNH6,0,0.5936495065689087
Q9LNH6,O04292,0,0.9999747276306152
Q9LPD5,Q9C8M9,0,0.090396948158741
Q9LN63,Q9MA83,0,0.9999220371246338
Q6NKQ9,Q94AU5,0,0.9999439716339111
Q9ZV66,Q9ASQ2,0,0.989849328994751
Q9LYP1,O65389,0,0.16123783588409424
Q9SRE4,Q0WQ91,0,0.9839069843292236
Q84MC7,P29382,0,0.99986732006073
Q7XA86,Q94KB4,0,0.9757644534111023
Q9SIQ8,Q8RXL7,0,0.1196458712220192
Q9SVG0,Q9FYK5,0,0.9976939558982849
Q9FG01,Q9SR38,0,0.999995231628418
Q9FNN2,Q944H2,0,0.017270546406507492
Q9LRT1,Q8VZU2,0,0.9999604225158691
Q9M1D0,Q3EDB5,0,0.9969738721847534
Q9SIC8,Q9FH18,0,0.9856770038604736
Q8RWU6,Q9LMN8,0,0.8149620890617371
Q38845,Q38822,0,0.4969779849052429
Q8GYN0,Q9SJH7,0,0.9706611633300781
Q94F23,Q2VWA2,0,0.00015728140715509653
Q946Y7,Q9CAN1,0,0.9999998807907104
Q94F30,Q9LPN5,0,0.9997958540916443
Q8GUL2,Q84MB2,0,0.9999017715454102
P29382,Q8L4X4,0,0.999258816242218
Q8L8N3,Q8LPR5,0,0.9999547004699707
Q9M651,Q8L9M7,0,0.002702269470319152
Q8GW17,Q9LJU6,0,0.9980577826499939
P48421,Q8VZW1,0,0.3140350580215454
Q9FKK1,Q9ZUH3,0,0.001550111803226173
Q9LW88,Q9SCZ8,0,0.998039186000824
P27202,O23160,0,0.9997236132621765
O22224,Q9M390,0,0.999940037727356
F4IMQ0,Q94CH8,0,0.9072403907775879
Q9C521,Q9FI47,0,0.9711909890174866
Q9FYK5,O82230,0,0.8521578907966614
Q8VYA7,Q94A32,0,0.0594247467815876
Q9FF75,Q8GY51,0,0.9999998807907104
Q9LVD9,Q9AST5,0,0.24552799761295319
Q9M1J1,Q8GX78,0,0.9966956377029419
Q8VZU9,Q9SA23,0,0.0024697384797036648
Q9SA00,Q38935,0,0.9998111128807068
Q6NQG3,Q9LEZ3,0,0.9649701714515686
O80837,Q9SMP3,0,0.9999858140945435
Q9AST5,Q9SIH4,0,0.5088428258895874
Q9SMP3,Q9LSP7,0,0.906421959400177
O48847,Q9C7D7,0,0.19905276596546173
Q9M9U3,Q9ZV66,0,0.21625599265098572
Q9S7I6,O64740,0,0.030115200206637383
Q94CG2,Q9LE82,0,0.9998106360435486
Q9SGI5,Q8VZJ1,0,0.9997976422309875
Q8VZL7,Q8GYH9,0,0.9989197254180908
Q9FIK0,Q9ZUA5,0,0.36186084151268005
Q9SX83,Q6NQG3,0,0.8890635371208191
Q9SY29,Q9M9U3,0,0.22197140753269196
Q944H2,P92941,0,0.0007510206778533757
Q9XFM0,A8MQR0,0,0.999512791633606
Q2VWA2,P38389,0,0.9944051504135132
P82874,Q9CAN1,0,0.9270906448364258
Q94JU2,Q9M363,0,1.9218879970139824e-05
Q9SEU8,Q9FFK1,0,0.9971164464950562
O81062,Q9ZVX8,0,0.7227774262428284
Q949W6,Q42328,0,0.8650130033493042
Q94AY3,Q8GYF7,0,0.022189196199178696
Q9LRB5,Q9SEU8,0,0.9645439386367798
Q84JJ0,Q9XI60,0,0.9745779037475586
Q84MC9,Q17TI5,0,0.13971032202243805
Q84W04,Q8VYA7,0,0.04933305084705353
Q42328,Q9FWS3,0,0.9984143972396851
Q42384,Q9ASQ2,0,0.99994957447052
O82245,Q9XGN1,0,0.9476984739303589
Q38822,Q84TK1,0,0.9999184608459473
Q8L615,P53799,0,0.006965078413486481
Q9LFB8,Q9SRE4,0,0.826845109462738
Q8L7G9,Q9LDU6,0,0.08970294892787933
Q9ZUA5,O82567,0,0.00011985453602392226
C0LGW6,Q8LBH4,0,0.9404840469360352
Q9SX65,Q9ZUH3,0,0.0031677433289587498
Q9ZVX8,P46032,0,0.0829632356762886
Q93ZB9,Q8GYS8,0,0.3938194513320923
Q9LQ32,P47192,0,0.47498875856399536
Q9ZSD4,Q6NKQ9,0,0.9999963045120239
Q9FZ96,Q93WC7,0,0.0022491728886961937
Q01525,Q93XX0,0,0.9999977350234985
Q9XIN6,Q9ZWT2,0,0.9955571293830872
Q8LAZ7,Q9LMN8,0,0.919390082359314
Q8GWK2,Q9FZK5,0,0.9994832277297974
O65154,Q9SNA0,0,0.96965092420578
Q944K2,Q5XEV3,0,0.9888705611228943
Q9MAA7,P29382,0,0.9999945163726807
Q9FE70,P82874,0,0.5591596961021423
Q9FZB1,Q147J7,0,0.45929110050201416
Q94F58,Q9LUV4,0,0.9956457018852234
Q8GUN1,Q84JU6,0,0.9999111890792847
Q94AU5,Q94AU5,0,0.9999351501464844
Q9M1J7,Q9AST5,0,0.005900811403989792
Q9C8M9,Q9FVX3,0,0.007395084947347641
Q38942,O22873,0,0.4765082001686096
Q3YL57,Q9SG79,0,0.12877625226974487
Q9LSF6,Q9M0B0,0,0.8795359134674072
Q8VZ58,Q9M325,0,0.044895824044942856
Q9LDT3,Q94AI7,0,0.9884999394416809
P47192,O04292,0,0.8939336538314819
Q8LBH4,Q8VZU2,0,0.9849678874015808
O82390,Q9FYK5,0,0.9999903440475464
Q8GWH4,P48421,0,0.9939608573913574
P46032,Q8LEQ4,0,0.008641350083053112
Q9C7S5,O22690,0,0.11709871888160706
Q9LNM6,Q9SB65,0,0.9982879757881165
Q9SAD4,Q9SZB2,0,0.6025874614715576
Q8LAI1,O49653,0,0.9823858141899109
Q39101,O23413,0,0.9917575716972351
Q9ZUJ2,Q9LST3,0,0.9578505754470825
O81788,F4JRR1,0,0.9972625970840454
P42813,O49378,0,0.6252145171165466
Q9FK55,Q8GYY1,0,0.3790817856788635
Q940Y1,Q9SA48,0,0.9993253946304321
Q94AV5,Q9C521,0,0.2354433536529541
Q9M9S6,Q9FH92,0,0.8542941212654114
Q9FH80,Q8GXM8,0,0.9998478889465332
Q38854,Q8GX78,0,0.9965441823005676
O64823,Q9LXV1,0,0.0007943704258650541
Q8RWF8,Q94F23,0,0.6385810971260071
Q0WQ91,Q9LRB5,0,0.9978501796722412
Q8S8K0,Q8LB17,0,0.04440689831972122
Q84TK1,Q6A333,0,0.9997344613075256
Q9CA42,Q8GXK5,0,0.9795387387275696
Q9FH18,Q945Q4,0,0.39649298787117004
Q3EDB5,Q9FH18,0,0.9806926846504211
Q9SA23,Q9SX65,0,0.991397500038147
Q84K72,Q9LRT1,0,0.999998927116394
Q9SY89,Q9SY29,0,0.016665516421198845
Q9ZQ38,Q9FL61,0,0.9994725584983826
Q94BX2,Q9C835,0,0.9999090433120728
Q93XX0,Q8L9M7,0,0.008265667594969273
Q9MA83,Q84MB2,0,0.9995543360710144
Q8RY62,Q84JJ0,0,0.9904255270957947
Q9LMN8,Q8GWK2,0,0.825554370880127
P53799,Q9M126,0,0.011863899417221546
O22467,Q8RYC8,0,0.9956186413764954
O80594,Q9ZSR7,0,0.2732448875904083
Q9LVZ7,Q9M390,0,0.9981460571289062
Q9FHB8,Q1PE15,0,0.15984882414340973
Q9LEZ3,Q8GSI6,0,0.9727081656455994
Q9LP52,Q9FFS8,0,0.9442260265350342
P94077,Q8RYE2,0,0.7768085598945618
Q84WI4,Q5PP32,0,0.13341493904590607
Q8L9M7,F4IMQ0,0,0.8495469093322754
Q9FFS8,O04326,0,0.623157799243927
Q9LXJ0,O82390,0,0.9999184608459473
Q9STW3,Q0WQ91,0,0.8211541771888733
Q42342,Q42342,0,0.9994117021560669
Q9SRT3,Q8GX78,0,0.9999876022338867
Q9M8T0,F4JL11,0,0.9838918447494507
Q8VZU2,Q9CAA4,0,0.9644988179206848
Q94A99,Q94JU2,0,0.7914133667945862
Q9ZUH3,Q9ZWT2,0,0.0031768083572387695
Q84N34,Q8VZL7,0,0.9999978542327881
Q84WP5,Q8GWK2,0,0.9993247985839844
Q9LPU9,Q9FNN2,0,0.9948086738586426
F4JL11,O04326,0,0.9065854549407959
Q93V43,Q944K2,0,0.9810175895690918
Q9SJH7,Q9S7M9,0,0.986868679523468
Q8LB17,Q8GXK5,0,0.009813986718654633
Q9SHI7,Q8LAI1,0,0.9825370907783508
Q8RY25,Q9FK45,0,0.08013482391834259
Q9XFB1,Q9LNM6,0,0.01967553235590458
O64852,Q9LPU9,0,0.9075954556465149
Q9SA48,Q9FLL0,0,0.9999479055404663
Q5PP32,Q9ZVX8,0,0.4599105715751648
Q7X887,Q9ASW4,0,0.9955684542655945
P32068,Q8LPR5,0,0.7882519960403442
Q9ZW05,Q9C7D7,0,0.2854742407798767
Q941L0,Q93V66,0,0.9999490976333618
Q8GX29,O49629,0,0.005983227863907814
Q9LMT2,Q9LSP7,0,0.0009409721824340522
Q9FG89,Q17TI5,0,0.9991965889930725
Q9LDM5,Q9LYD3,0,0.9973390698432922
A8MQR0,Q9SZB2,0,0.999264657497406
Q41975,Q94AI7,0,0.9999617338180542
Q9FNH6,Q8GUL2,0,0.8228191137313843
Q9M126,Q9LST3,0,0.9982349872589111
P59229,Q8VZ58,0,0.04324757680296898
Q8GY51,Q9FFS8,0,0.9994816184043884
Q94KB4,Q9FHB8,0,0.8841889500617981
O81042,Q8GXA4,0,0.9974036812782288
Q9SG79,Q9C900,0,0.9644343852996826
Q8GWT5,Q94A32,0,0.033919986337423325
Q8L603,Q8GX70,0,0.9997171759605408
Q9SV74,Q9M390,0,0.0001806465006666258
Q9FI47,Q5XF13,0,0.04425688087940216
Q9SU67,Q9ASQ2,0,0.9774935245513916
Q8L616,Q8LB17,0,0.0749376192688942
Q9ZUT3,Q8L586,0,0.022196752950549126
Q6NLF5,P29382,0,0.9997126460075378
Q9C500,Q9XGN1,0,0.966475784778595
Q9XI60,Q8S8K0,0,0.9890106320381165
Q8GYS8,Q42371,0,0.042599041014909744
Q9M1K3,Q9LRT1,0,0.9224879145622253
Q93VN2,Q8VZU2,0,0.9343339204788208
Q9C5Z3,Q8GYF7,0,0.019665692001581192
Q8GYX3,Q949W6,0,0.9478673338890076
Q8L7F7,Q8GUN1,0,0.00016659271204844117
Q9ZSR7,A8MQR0,0,0.4924315810203552
Q9LK55,Q9LRB5,0,0.9730579257011414
Q9LNW0,Q9FZ96,0,0.003720012027770281
Q67YN2,O22179,0,0.9999985694885254
O65397,Q9CAK8,0,0.9966423511505127
Q93ZQ3,Q9STW3,0,0.005099087953567505
Q7XA70,Q8GYY1,0,0.8719212412834167
Q5XF13,Q84TK1,0,0.014211713336408138
Q6NQ51,P93004,0,0.24259589612483978
Q9C9L2,P38389,0,0.9968147873878479
Q94CH8,Q9LPD5,0,0.21654197573661804
Q9SZG0,P27202,0,0.9890605211257935
Q8GWR1,Q9SYK5,0,0.9992455244064331
Q8L586,Q6A333,0,0.002088883426040411
Q93V85,Q9XFM0,0,0.019934652373194695
Q9SZT7,Q9ZW05,0,0.025985287502408028
Q84MB2,Q5YDB6,0,0.9580706357955933
Q9LVQ7,Q42328,0,0.999505877494812
Q9M0V3,Q8VZ48,0,0.926563024520874
Q8H1S2,Q8VYS5,0,0.9808213710784912
Q9M363,Q9LZW4,0,0.010327177122235298
Q9LZW4,Q9SU67,0,0.032659921795129776
O49653,Q9M8T0,0,0.9947795867919922
Q9LT89,Q8L9M7,0,0.0002123066078638658
O23413,Q93WC7,0,0.9772363901138306
O80895,Q94AV5,0,0.2523394823074341
Q8VZJ5,Q6NQG3,0,0.013407343067228794
Q9SD04,Q8GY51,0,0.005112261977046728
Q38935,Q84W04,0,0.9800325036048889
Q93V66,Q94A99,0,0.0014188889181241393
Q9C829,P48421,0,0.9998219609260559
Q9ZR79,Q7XA86,0,0.998410701751709
Q8LG50,Q9SRE4,0,0.29277199506759644
Q9LDU6,Q9SV74,0,0.04756614938378334
O49629,O82568,0,0.44202616810798645
O49378,F4KFS7,0,0.9935327768325806
O65555,Q9SJH7,0,0.8632117509841919
Q9LSE2,Q8L7E5,0,0.9075173139572144
Q8GW44,Q9SIQ8,0,0.9883761405944824
Q8LPR5,Q8GXM8,0,0.9892798066139221
Q5XEV3,Q8LPR2,0,0.9924208521842957
Q84JB8,Q84JJ0,0,0.9980125427246094
Q9LST3,Q9FH92,0,0.9984103441238403
Q56XU4,Q94F23,0,0.011025991290807724
Q8H157,Q9SY29,0,0.4792610704898834
Q9C8D1,Q93ZQ3,0,0.9987702965736389
Q9M390,Q9SB65,0,0.9993095397949219
Q9CAK8,Q84WP5,0,0.9980669617652893
Q9M0B0,Q84WP5,0,0.2071828693151474
Q9SY38,Q9M0V3,0,0.7299198508262634
Q8VZW1,F4JRR1,0,0.08629244565963745
Q93Z42,Q9SIH4,0,0.8678649067878723
Q9FGF5,O23160,0,0.9999978542327881
Q8LPR2,Q9FZK5,0,0.9998289346694946
Q9FFV8,Q84MC9,0,0.0024791331961750984
F4KIB2,Q9FYK5,0,0.9975739121437073
Q9LPN5,Q0WQ91,0,0.9999094009399414
Q9FZ54,Q9FKK1,0,0.7941486239433289
Q9SCL4,Q9ASQ2,0,6.114153075031936e-05
O82567,Q8LG50,0,0.065431609749794
Q6IDC5,O48741,0,0.7681903839111328
Q9ZWS7,O22690,0,0.032870423048734665
Q9C835,Q9SV74,0,0.002032840857282281
O82230,Q8RY25,0,0.004935930948704481
Q8LF05,O82567,0,0.08318836241960526
F4JN35,Q8GXA4,0,0.9999353885650635
A4GSN8,Q56ZZ7,0,0.983618438243866
O04292,Q9LST3,0,0.999652624130249
Q93ZW4,Q9C835,0,0.9984986782073975
Q9LXU1,Q9SHG7,0,0.9996020197868347
Q9ASW4,Q9C9Z6,0,0.023703880608081818
Q9FZK5,Q94JU2,0,9.72457928583026e-05
Q9SX96,Q6NQ51,0,0.9665145874023438
Q8GYH9,O82245,0,0.6129657030105591
Q42403,Q9ZUT3,0,0.963265061378479
Q84JU6,Q38822,0,0.9999798536300659
Q9SB65,Q9ZWS7,0,0.9999070167541504
O22873,Q9LJD9,0,0.8257576823234558
Q9LSW5,Q01525,0,0.8001726865768433
O22179,Q39101,0,0.9999905824661255
Q9FMB6,P59229,0,0.13368567824363708
F4JRR1,O82390,0,0.9960397481918335
Q9LD45,Q3EDB5,0,0.983812689781189
Q8GYF7,Q9SEU8,0,0.06923903524875641
Q9FL61,Q949M9,0,0.9798063039779663
Q9C900,Q9LSP7,0,0.0016930552665144205
Q8L4X4,O49629,0,0.013865885324776173
Q9SNA0,Q9SGD1,0,0.9456210136413574
Q9LE82,Q9C500,0,0.9033405184745789
Q94CK3,Q8L7E5,0,0.9969047904014587
Q42371,Q9LQ32,0,0.011136176995933056
O04326,Q94AI7,0,0.9781493544578552
Q9ASQ2,Q9C9L2,0,0.9998832941055298
Q9XFM6,Q8GW44,0,0.9996700286865234
Q9FMH6,Q8GYF7,0,0.10166691243648529
Q8RXK1,Q9CAA4,0,0.9790436029434204
F4KFS7,Q8GWT5,0,0.001431443728506565
Q9FLL0,Q8GYS8,0,0.30593591928482056
Q9LUV4,Q8GYX3,0,0.9995180368423462
Q9ZWT2,O81062,0,0.9871625304222107
O04294,Q9LFB8,0,0.9957833290100098
Q949W5,Q8L616,0,0.0011860738741233945
P38389,P82874,0,0.642676055431366
O22703,Q9ASQ2,0,0.9999963045120239
Q9FZ98,Q8GUL2,0,0.019106315448880196
Q8RYC8,Q9SA00,0,0.9986082911491394
Q949M9,O48847,0,0.866152286529541
Q8W4D8,Q9FI47,0,0.9999303817749023
Q94A32,Q42403,0,0.95107501745224
O82219,Q9CA42,0,0.9999991655349731
Q8RXL7,Q9M651,0,0.08944366872310638
Q9S9K9,Q67ZM7,0,0.89972323179245
Q94B75,Q8GUK3,0,0.3701903820037842
Q9FFK1,Q84JB8,0,0.9989640712738037
Q9SK33,Q8RWU6,0,0.9986140727996826
Q9M325,Q38854,0,0.0001833078422350809
Q5XF36,Q9LSF6,0,0.9999934434890747
O82587,Q9FNN2,0,0.34490102529525757
Q67ZM7,Q9LPU9,0,0.002772354753687978
P26587,Q6NLF5,0,0.9759279489517212
Q9LU93,Q944H2,0,0.0012658823980018497
Q9SEL6,O80837,0,0.9934984445571899
Q56ZZ7,Q9SK33,0,0.9995332956314087
Q8L748,Q9SRT3,0,0.9999964237213135
Q8GWM8,Q9MA83,0,0.99887615442276
P93830,O82568,0,0.0004738559073302895
Q5YDB6,Q8VZU2,0,0.8930837512016296
Q9LYD3,Q9SG79,0,0.9999710321426392
Q93WC7,O49653,0,0.9987792372703552
Q9LSP7,Q8GSI6,0,0.11891185492277145
Q9ZWT2,Q8VZ58,0,0.37200498580932617
Q8GUK3,Q9SAD4,0,0.09423115104436874
Q9LPF1,Q9FWS3,0,0.027612222358584404
O22777,O82219,0,0.9999969005584717
O64740,Q8LPR5,0,0.028206778690218925
Q9SVG8,Q42371,0,0.1298576295375824
Q9LVR8,Q9C7S5,0,0.9999991655349731
Q9LS86,Q8L615,0,0.00032064688275568187
Q6A333,Q8L748,0,0.9998940229415894
Q9LJD9,Q8RYC8,0,0.9874798655509949
Q9SYK5,Q9ZSR7,0,0.006317033898085356
O23160,A4GSN8,0,0.9947137236595154
Q9FWS3,Q17TI5,0,0.9999731779098511
O82174,Q42342,0,0.9939916729927063
Q8VZ95,Q9SA48,0,0.0123779671266675
Q8GXM8,Q9SU67,0,0.9203266501426697
Q9LXV1,Q9FHB8,0,0.9481030106544495
Q945Q4,Q94F30,0,0.4356386363506317
Q9LZM7,P32068,0,0.4432030916213989
Q94AI7,Q9C933,0,0.9999992847442627
Q8LEQ4,O82587,0,0.5601351261138916
Q8L7U7,Q5XEV3,0,0.998661994934082
Q9LJU6,Q84WI4,0,0.9998874664306641
P93004,O22467,0,0.5069965720176697
Q17TI5,Q9LUK6,0,0.24508044123649597
P10797,Q6A333,0,0.21519216895103455
O48741,Q8GX70,0,0.9998952150344849
Q9FG72,Q9LSW5,0,0.05119626224040985
Q8GYY1,Q9MAA7,0,0.9988033771514893
Q8RYE2,C0LGW6,0,0.4231535494327545
Q9SZB2,Q9SVG8,0,0.9928730726242065
Q9SB04,Q8L9M7,0,0.0008475471404381096
P57752,Q944K2,0,0.9993476271629333
Q9FVX3,Q8VZW1,0,0.48211419582366943
Q9SR38,Q9SX65,0,0.9964855909347534
Q9C933,Q9SK33,0,0.9999843835830688
Q9XGN1,Q949W6,0,0.7869495153427124
Q9FK45,Q9C829,0,0.9995591044425964
Q8GX78,Q8RYE2,0,0.8069792985916138
Q8L7E5,Q8GWT5,0,2.7413019779487513e-05
Q9SZZ4,Q9SG79,0,0.9998095631599426
Q8GSI6,Q8VZU9,0,0.4922666847705841
Q8GXA4,Q9ZWT2,0,0.9994046688079834
Q8VZ48,Q94KB4,0,0.9111732244491577
Q9SHG7,Q94F23,0,0.0006697166827507317
Q147J7,Q9LUK6,0,0.004574020858854055
O64587,Q9FWS3,0,0.9961404204368591
Q8VZJ1,O81062,0,0.9957495927810669
Q9FFS0,Q8RXK1,0,0.9882463812828064
Q9SRH9,Q9LVZ7,0,0.7747521996498108
Q9C7D7,Q94A32,0,0.5064595937728882
Q9SIH4,Q9ZW05,0,0.021063819527626038
Q9CAN1,O22179,0,0.9999997615814209
O82568,F4KIB2,0,0.0002393821778241545
Q8RY98,Q8L7F7,0,0.0034290202893316746
Q94AP3,O49629,0,0.212953120470047
Q9M2J9,O81042,0,0.9991746544837952
Q8GXK5,Q8L616,0,0.9989612102508545
Q1PE15,Q8VZJ5,0,0.6052626967430115
Q9LUK6,Q9S9K9,0,0.9710615873336792
O22690,Q8GWK2,0,0.008754304610192776
Q9S7M9,Q9LJD9,0,0.9977577328681946
P92941,Q9FZ98,0,5.332622663445363e-07
Q8VYS5,Q56XU4,0,0.9980252981185913
Q9LU74,O22777,0,0.9860110282897949
Q8VYV9,Q9SY89,0,0.008941707201302052
Q9XHZ7,Q8VZL7,0,0.999643087387085
O65389,Q9SIQ8,0,0.8667909502983093
Q9CAA4,Q9LSF6,0,0.9993070363998413
Q9SSQ8,Q9FFS0,0,0.9916472434997559
Q8L925,Q8VYS5,0,0.9924010038375854
Q8GX70,Q8L615,0,0.9998149275779724
Q94EI9,O22224,0,0.9975259900093079
Q9C9Z6,Q94CK3,0,0.01612897962331772
Q9FH92,Q9C8D1,0,0.9991945624351501
Q9SCZ8,Q9C7S5,0,0.9998618364334106
Q9SS37,A8MQR0,0,0.9953444600105286
Q9SGD1,Q9SAD4,0,0.9309597015380859
P30302,Q9LPU9,0,0.7446320056915283
Q9LNH6,Q9M0V3,0,0.9283182621002197
Q9LPD5,Q93Z42,0,0.4043256938457489
Q9LN63,Q8GUN1,0,0.9998345375061035
Q6NKQ9,Q9LYD3,0,0.9999171495437622
Q9ZV66,Q9SU67,0,0.7962191104888916
Q9LYP1,Q9S7M9,0,0.8897420167922974
Q9SRE4,Q9SJH7,0,0.39968371391296387
Q84MC7,P57752,0,0.9995309114456177
Q7XA86,Q9FGF5,0,0.9999508857727051
Q9SIQ8,Q9SHI7,0,0.9261254072189331
Q9SVG0,Q9FH92,0,0.9954676628112793
Q9FG01,P82874,0,0.7769260406494141
Q9FNN2,Q5YDB6,0,0.9982203841209412
Q9LRT1,P32068,0,0.9873786568641663
Q9M1D0,Q9ZUJ2,0,0.9964465498924255
Q9SIC8,Q9ZUH3,0,0.000523346068803221
Q8RWU6,Q5XF13,0,0.10759676992893219
Q38845,Q94B75,0,0.019322935491800308
Q8GYN0,Q9S7I6,0,0.9998984336853027
Q94F23,Q8LF05,0,0.3093429505825043
Q946Y7,O80594,0,0.9951847195625305
Q94F30,Q9CAN1,0,0.9999744892120361
Q8GUL2,O65389,0,0.9997655749320984
P29382,Q94CH8,0,0.7808083891868591
Q8L8N3,Q9M1K3,0,0.9516024589538574
Q9M651,Q9SZZ4,0,0.9999405145645142
Q8GW17,Q38935,0,0.9996693134307861
P48421,O04292,0,0.999987006187439
Q9FKK1,Q9FG01,0,0.99981290102005
Q9LW88,Q8GXM8,0,0.9921553730964661
P27202,Q5XEV3,0,0.9733251929283142
O22224,P47192,0,0.952248215675354
F4IMQ0,Q9LXU1,0,0.9999430179595947
Q9C521,Q8RY98,0,0.9987336993217468
Q9FYK5,P42813,0,0.9176957011222839
Q8VYA7,Q8L7G9,0,0.0018015432870015502
Q9FF75,Q84JJ0,0,0.9999265670776367
Q9LVD9,O82245,0,0.893434464931488
Q9M1J1,O82219,0,0.9998522996902466
Q8VZU9,O48741,0,0.014831572771072388
Q9SA00,P93830,0,0.9506070613861084
Q6NQG3,Q38845,0,0.294633150100708
O80837,Q8L925,0,0.9939495325088501
Q9AST5,Q8VZ48,0,0.8402643799781799
Q9SMP3,Q949W5,0,0.8255083560943604
O48847,Q9M390,0,0.9775495529174805
Q9M9U3,Q94AI7,0,0.14147184789180756
Q9S7I6,Q9M1J1,0,0.9991199374198914
Q94CG2,Q38854,0,0.9998144507408142
Q9SGI5,Q5PP32,0,0.7466418147087097
Q8VZL7,O22467,0,0.9997994303703308
Q9FIK0,O82587,0,0.0002568214840721339
Q9SX83,Q9SCZ8,0,0.9894537925720215
Q9SY29,O22690,0,0.01238503959029913
Q944H2,Q93V85,0,0.22836078703403473
Q9XFM0,Q8VZJ1,0,0.9993288516998291
Q2VWA2,Q42371,0,0.0010376767022535205
P82874,Q8GSI6,0,0.7304577231407166
Q94JU2,Q8L4X4,0,0.00047687123878858984
Q9SEU8,Q8GYN0,0,0.9985703229904175
O81062,Q9ZVX8,0,0.7227774262428284
Q949W6,Q8VZ48,0,0.290691614151001
Q94AY3,Q9M1D0,0,0.9992758631706238
Q9LRB5,Q8VYA7,0,0.033766377717256546
Q84JJ0,Q9LUK6,0,0.00038866029353812337
Q84MC9,Q9LU74,0,0.02656366117298603
Q84W04,Q8GXK5,0,0.9447744488716125
Q42328,O82230,0,0.9076694846153259
Q42384,Q93Z42,0,0.9858767986297607
O82245,Q8GYS8,0,0.05568728223443031
Q38822,Q8VZU2,0,0.9994184970855713
Q8L615,Q5XF13,0,0.009934884496033192
Q9LFB8,Q9SZT7,0,0.9566570520401001
Q8L7G9,Q9LT89,0,0.9999693632125854
Q9ZUA5,O80837,0,0.9999779462814331
C0LGW6,Q9ZSD4,0,0.9994832277297974
Q9SX65,Q9XFB1,0,0.008524366654455662
Q9ZVX8,O64852,0,0.3910497725009918
Q93ZB9,Q9SZZ4,0,0.9997389912605286
Q9LQ32,Q84MC9,0,0.007935823872685432
Q9ZSD4,Q9M8T0,0,0.9999301433563232
Q9FZ96,Q9SA23,0,0.00019180457456968725
Q01525,Q84WP5,0,0.9997945427894592
Q9XIN6,Q9FMB6,0,0.06576861441135406
Q8LAZ7,Q9LJD9,0,0.9990861415863037
Q8GWK2,Q9M0V3,0,0.8872097134590149
O65154,Q8VZ58,0,0.5712584257125854
Q944K2,O22179,0,0.999962329864502
Q9MAA7,Q5XEV3,0,0.9931946992874146
Q9FE70,Q8LPR5,0,0.8727213144302368
Q9FZB1,Q6NLF5,0,0.0883137583732605
Q94F58,Q38845,0,0.40407437086105347
Q8GUN1,Q9SX83,0,0.9907761216163635
Q94AU5,Q9FKK1,0,0.9994947910308838
Q9M1J7,F4JN35,0,0.8918848037719727
Q9C8M9,Q9ZSR7,0,0.0016839699819684029
Q38942,Q94CH8,0,0.00356338731944561
Q3YL57,Q9M1J1,0,0.3941675126552582
Q9LSF6,Q9C7D7,0,0.581443727016449
Q8VZ58,Q9FZ96,0,0.028878314420580864
Q9LDT3,Q9LD45,0,0.4006364345550537
P47192,Q9SVG8,0,0.691754162311554
Q8LBH4,Q9LNH6,0,0.9942461848258972
O82390,Q84N34,0,0.9999988079071045
Q8GWH4,Q9FNN2,0,0.9969103932380676
P46032,Q94A32,0,0.03264392539858818
Q9C7S5,Q9LNW0,0,0.9997919201850891
Q9LNM6,P59229,0,0.705093264579773
Q9SAD4,Q8LAI1,0,0.7402327060699463
Q8LAI1,Q9SA48,0,0.9996514320373535
Q39101,Q8L7G9,0,0.9999426603317261
Q9ZUJ2,Q9LSE2,0,0.9171922206878662
O81788,Q949M9,0,0.9958783388137817
P42813,Q9SGI5,0,0.9910714626312256
Q9FK55,Q8L8N3,0,0.9676045775413513
Q940Y1,Q9FH92,0,0.9978577494621277
Q94AV5,Q9FGF5,0,0.9785754680633545
Q9M9S6,Q9SAD4,0,0.5989269614219666
Q9FH80,Q9S9K9,0,0.999998927116394
Q38854,Q9C5Z3,0,0.9894866943359375
O64823,Q39101,0,0.00035006258985958993
Q8RWF8,Q84K72,0,0.9999854564666748
Q0WQ91,O04294,0,0.999897837638855
Q8S8K0,Q9ZWS7,0,0.9999616146087646
Q84TK1,Q8S8K0,0,0.9998363256454468
Q9CA42,Q9SRE4,0,0.5579686164855957
Q9FH18,Q8GUN1,0,0.9975147247314453
Q3EDB5,Q56ZZ7,0,0.9949476718902588
Q9SA23,Q9XFM0,0,0.999333918094635
Q84K72,Q8LF05,0,0.9947726130485535
Q9SY89,Q9SY29,0,0.016665516421198845
Q9ZQ38,Q9XHZ7,0,0.9995768666267395
Q94BX2,O80895,0,0.9985530972480774
Q93XX0,Q9ZUJ2,0,0.9992448091506958
Q9MA83,Q9ZUA5,0,0.9999909400939941
Q8RY62,O04292,0,0.9992458820343018
Q9LMN8,Q8LPR2,0,0.7241923213005066
P53799,Q8RY25,0,0.08709585666656494
O22467,Q1PE15,0,0.08600972592830658
O80594,Q9LST3,0,0.8930648565292358
Q9LVZ7,Q8VZJ5,0,0.07819288223981857
Q9FHB8,Q9LVZ7,0,0.9871932864189148
Q9LEZ3,Q93V43,0,0.9589033126831055
Q9LP52,Q94KB4,0,0.7591128349304199
P94077,O82567,0,0.0015132698463276029
Q84WI4,O64823,0,0.0004744025645777583
Q8L9M7,Q9SHG7,0,0.0008027959265746176
Q9FFS8,O23413,0,0.9070351123809814
Q9LXJ0,O65154,0,0.999859094619751
Q9STW3,Q9FL61,0,0.2044631987810135
Q42342,Q8S8K0,0,0.9995040893554688
Q9SRT3,O22777,0,0.9999954700469971
Q9M8T0,Q9LNW0,0,0.9878697991371155
Q8VZU2,Q9CAN1,0,0.9999781847000122
Q94A99,Q9LQ32,0,0.009500338695943356
Q9ZUH3,Q9LNH6,0,0.0002207831130363047
Q84N34,Q9SY29,0,0.0008480601827614009
Q84WP5,Q9LSW5,0,0.6273713707923889
Q9LPU9,Q8GYX3,0,0.9974784255027771
F4JL11,Q9LEZ3,0,0.9910336136817932
Q93V43,O48741,0,0.9897913336753845
Q9SJH7,Q9C933,0,0.9993996620178223
Q8LB17,Q94AV5,0,0.13578426837921143
Q9SHI7,Q9FGF5,0,0.9985964894294739
Q8RY25,Q8LAI1,0,0.052138809114694595
Q9XFB1,Q9FZ96,0,0.06123466044664383
O64852,Q9SB04,0,0.9995341300964355
Q9SA48,Q6A333,0,0.9999587535858154
Q5PP32,Q9ZR79,0,0.511084258556366
Q7X887,Q9LVQ7,0,0.9999881982803345
P32068,Q9C500,0,0.4510559141635895
Q9ZW05,Q9FK55,0,0.24090610444545746
Q941L0,Q9C835,0,0.9991876482963562
Q8GX29,Q9M1J1,0,0.999028205871582
Q9LMT2,Q9ZUH3,0,2.2400654415832832e-05
Q9FG89,Q84K72,0,0.9999531507492065
Q9LDM5,Q9M325,0,0.005444581154733896
A8MQR0,Q7XA86,0,0.9999364614486694
Q41975,P10797,0,0.7426400184631348
Q9FNH6,O82567,0,0.0490800216794014
Q9M126,Q9LJD9,0,0.9987296462059021
P59229,Q6IDC5,0,0.6868607401847839
Q8GY51,Q9SZZ4,0,0.9999969005584717
Q94KB4,Q9C900,0,0.641715943813324
O81042,Q9C8D1,0,0.9769763350486755
Q9SG79,Q9C9L2,0,0.9999192953109741
Q8GWT5,Q94F58,0,0.0001696174731478095
Q8L603,O04292,0,0.9999433755874634
Q9SV74,P27202,0,0.0019588868599385023
Q9FI47,Q9FFV8,0,0.2615717649459839
Q9SU67,Q8GWK2,0,0.9589661359786987
Q8L616,F4KFS7,0,0.9879533052444458
Q9ZUT3,O80895,0,0.7776362299919128
Q6NLF5,O82390,0,0.9994787573814392
Q9C500,Q84WP5,0,0.9017009735107422
Q9XI60,P57752,0,0.9788408279418945
Q8GYS8,Q9LUV4,0,0.22434987127780914
Q9M1K3,Q3EDB5,0,0.687503457069397
Q93VN2,Q8GYN0,0,0.9965164661407471
Q9C5Z3,Q8L4X4,0,0.9839572906494141
Q8GYX3,Q8L603,0,0.9998881816864014
Q8L7F7,Q9LRT1,0,0.0003917141875717789
Q9ZSR7,Q38942,0,0.0012799699325114489
Q9LK55,Q84N34,0,0.9995037317276001
Q9LNW0,Q9LNM6,0,0.9950248599052429
Q67YN2,Q8GW44,0,0.9999954700469971
O65397,Q9C5Z3,0,0.9948248863220215
Q93ZQ3,F4JN35,0,0.999629020690918
Q7XA70,Q0WQ91,0,0.9972322583198547
Q5XF13,Q9FMB6,0,0.607211172580719
Q6NQ51,Q9M9U3,0,0.013851684518158436
Q9C9L2,A8MQR0,0,0.9998471736907959
Q94CH8,Q949M9,0,0.003500774037092924
Q9SZG0,Q8GWT5,0,0.00115709169767797
Q8GWR1,Q8GXK5,0,0.9987766146659851
Q8L586,O82568,0,0.7590684294700623
Q93V85,Q9FFK1,0,0.47077468037605286
Q9SZT7,P53799,0,0.03783778101205826
Q84MB2,Q9ZW05,0,0.004079906269907951
Q9LVQ7,Q9FL61,0,0.9994685053825378
Q9M0V3,P92941,0,0.9927229285240173
Q8H1S2,Q9ASQ2,0,0.9971000552177429
Q9M363,Q9M390,0,0.9995701909065247
Q9LZW4,Q9SZT7,0,0.003783798310905695
O49653,Q9FMH6,0,0.9454947113990784
Q9LT89,Q9FE70,0,0.9635543823242188
O23413,Q8RY62,0,0.9698763489723206
O80895,Q9LDU6,0,0.010764949023723602
Q8VZJ5,Q8GUL2,0,0.5348069667816162
Q9SD04,Q8L615,0,8.243833144661039e-05
Q38935,Q2VWA2,0,0.9999642372131348
Q93V66,Q8L586,0,0.0007311262306757271
Q9C829,Q9SD04,0,0.00013595217023976147
Q9ZR79,Q94F23,0,0.028251970186829567
Q8LG50,Q9LPU9,0,0.0033400326501578093
Q9LDU6,Q9C7S5,0,0.09076658636331558
O49629,Q8L616,0,0.02076900564134121
O49378,Q84JB8,0,0.9980384707450867
O65555,Q56XU4,0,0.9976571798324585
Q9LSE2,Q6NQG3,0,0.8926213979721069
Q8GW44,C0LGW6,0,0.9897729754447937
Q8LPR5,F4JRR1,0,0.9575129151344299
Q5XEV3,Q9SIQ8,0,0.7329250574111938
Q84JB8,F4IMQ0,0,0.9999613761901855
Q9LST3,O22873,0,0.5323945879936218
Q56XU4,Q8LPR5,0,0.998251736164093
Q8H157,Q9FNN2,0,0.00081737304572016
Q9C8D1,Q9LST3,0,0.9887944459915161
Q9M390,Q9SHG7,0,0.9969508647918701
Q9CAK8,O81788,0,0.9996629953384399
Q9M0B0,P82874,0,0.34770503640174866
Q9SY38,Q9C7D7,0,0.2719777226448059
Q93Z42,Q8RY25,0,0.5084215402603149
Q9FGF5,Q9SY38,0,0.9967952370643616
Q8LPR2,Q8L4X4,0,0.9969160556793213
Q9FFV8,Q6NKQ9,0,0.6791720390319824
F4KIB2,Q93V43,0,0.8609312176704407
Q9LPN5,Q9LU74,0,0.9968388080596924
Q9FZ54,Q2VWA2,0,0.9258655905723572
Q9SCL4,Q9LPN5,0,0.002877641934901476
